experiment_id,config_id,seed,expected_identity,result_path,result_sha256,config_path,config_sha256,run_kind,qubits,layers,entanglement,loss_id,rng_mode,dataset_hash,verification,optimizer_success,optimizer_status,optimizer_message,nfev,nit,final_loss,train_accuracy,test_accuracy,checkpoint,checkpoint_sha256,initial_checkpoint,initial_checkpoint_sha256,command,revision_head,revision_branch,training_source_sha256,known_maxfun_nonconvergence,audit_passed,audit_issues
M1,1q-l4-legacy_amplitude,30,True,/Users/kuroneko/Documents/课程/Homework/量子/QS_project/results/raw/M1/1q-l4-legacy_amplitude/seed-30/20260728T115846.198558Z-d0abf0c215/result.json,f531e38f0394e89ec1e04ccfde4ad9a9f6927df7ae8da8c5bb7659fba2770301,/Users/kuroneko/Documents/课程/Homework/量子/QS_project/results/raw/M1/1q-l4-legacy_amplitude/seed-30/20260728T115846.198558Z-d0abf0c215/config.json,1f755a7b2fde70e8d4cbfcc93447c67be2d068034d15671ead7d73d917b0e4f4,optimizer,1,4,n,legacy_amplitude,controlled,d163876f916dd70372aa75291f99cafd4d1ce14aa4e08f911714055b3ffe3a12,artifacts-verified,True,0,CONVERGENCE: NORM OF PROJECTED GRADIENT <= PGTOL,2268,97,-0.8556715979492935,0.835,0.85425,/Users/kuroneko/Documents/课程/Homework/量子/QS_project/results/raw/M1/1q-l4-legacy_amplitude/seed-30/20260728T115846.198558Z-d0abf0c215/checkpoint.npz,b3b37c4cdb054682400d5c79973665652fb2b17c15ee94f72dd3cd4421212003,/Users/kuroneko/Documents/课程/Homework/量子/QS_project/results/raw/M1/1q-l4-legacy_amplitude/seed-30/20260728T115846.198558Z-d0abf0c215/initial_checkpoint.npz,f5e3431b385a853e4e41cfd38b4d8adf8dbe81c9b4cabd7001d9b6bf335712ab,/Users/kuroneko/Documents/课程/Homework/量子/QS_project/.venv/bin/python experiments/run_project.py m1 --slice loss,0d647b0e8019d3b0ea59baf1af82b51a08bb6448,main,142f05a903f7bceb79f71ef9803988fb92a4e9679989e11e7619b54fcbfaa6bd,False,True,
M1,1q-l4-legacy_amplitude,31,True,/Users/kuroneko/Documents/课程/Homework/量子/QS_project/results/raw/M1/1q-l4-legacy_amplitude/seed-31/20260728T115913.255460Z-b3d45ea8fd/result.json,1f942ab9f9844b1ebbcb2cc2a6950b274e06e483ce18afc2b5e43c1a632fe0f5,/Users/kuroneko/Documents/课程/Homework/量子/QS_project/results/raw/M1/1q-l4-legacy_amplitude/seed-31/20260728T115913.255460Z-b3d45ea8fd/config.json,c7dd66375190e8ded0b8b095bf006c8dabeda69a058ce11c185a3b5b7bac14e1,optimizer,1,4,n,legacy_amplitude,controlled,d163876f916dd70372aa75291f99cafd4d1ce14aa4e08f911714055b3ffe3a12,artifacts-verified,True,0,CONVERGENCE: NORM OF PROJECTED GRADIENT <= PGTOL,3549,149,-0.8556767301053467,0.835,0.8535,/Users/kuroneko/Documents/课程/Homework/量子/QS_project/results/raw/M1/1q-l4-legacy_amplitude/seed-31/20260728T115913.255460Z-b3d45ea8fd/checkpoint.npz,528029c723127fce0da9c319390f31b47c894956a810bf30746e6b7406b718ed,/Users/kuroneko/Documents/课程/Homework/量子/QS_project/results/raw/M1/1q-l4-legacy_amplitude/seed-31/20260728T115913.255460Z-b3d45ea8fd/initial_checkpoint.npz,7ccd985970aeacbeaf0e943dab58ccbaf04a152ae69fe10919aab94f0600ade7,/Users/kuroneko/Documents/课程/Homework/量子/QS_project/.venv/bin/python experiments/run_project.py m1 --slice loss,0d647b0e8019d3b0ea59baf1af82b51a08bb6448,main,142f05a903f7bceb79f71ef9803988fb92a4e9679989e11e7619b54fcbfaa6bd,False,True,
M1,1q-l4-legacy_amplitude,32,True,/Users/kuroneko/Documents/课程/Homework/量子/QS_project/results/raw/M1/1q-l4-legacy_amplitude/seed-32/20260728T115937.547843Z-bb05e5c19d/result.json,2725b5c4077c985f40948e6987cd5249e34c20d2ac32a9c1d7eec915a49d36d3,/Users/kuroneko/Documents/课程/Homework/量子/QS_project/results/raw/M1/1q-l4-legacy_amplitude/seed-32/20260728T115937.547843Z-bb05e5c19d/config.json,f1be9e372f95b5b296f6eb6baf782e524485f37cca5b03332ef9268d520faa69,optimizer,1,4,n,legacy_amplitude,controlled,d163876f916dd70372aa75291f99cafd4d1ce14aa4e08f911714055b3ffe3a12,artifacts-verified,True,0,CONVERGENCE: NORM OF PROJECTED GRADIENT <= PGTOL,3213,135,-0.8819579644912866,0.92,0.90475,/Users/kuroneko/Documents/课程/Homework/量子/QS_project/results/raw/M1/1q-l4-legacy_amplitude/seed-32/20260728T115937.547843Z-bb05e5c19d/checkpoint.npz,1e7498cf8343449db5e594bc9c464c6f0327c47119175ed8ad0967f042a8ba44,/Users/kuroneko/Documents/课程/Homework/量子/QS_project/results/raw/M1/1q-l4-legacy_amplitude/seed-32/20260728T115937.547843Z-bb05e5c19d/initial_checkpoint.npz,560d82bd16fdbe6cd8fac5fc55a669c200096b47bbcea06a2378b3cbaeabaeab,/Users/kuroneko/Documents/课程/Homework/量子/QS_project/.venv/bin/python experiments/run_project.py m1 --slice loss,0d647b0e8019d3b0ea59baf1af82b51a08bb6448,main,142f05a903f7bceb79f71ef9803988fb92a4e9679989e11e7619b54fcbfaa6bd,False,True,
M1,1q-l4-legacy_amplitude,33,True,/Users/kuroneko/Documents/课程/Homework/量子/QS_project/results/raw/M1/1q-l4-legacy_amplitude/seed-33/20260728T115958.586574Z-a182d57da3/result.json,4a000d2e10acacf3cf1736d58440c69e926a62ea4fb7ee728eb279d3e9be1f55,/Users/kuroneko/Documents/课程/Homework/量子/QS_project/results/raw/M1/1q-l4-legacy_amplitude/seed-33/20260728T115958.586574Z-a182d57da3/config.json,da9cd40dc6a39cc0d1436c8af128583d395504a63b851c11facde3cf5f560a34,optimizer,1,4,n,legacy_amplitude,controlled,d163876f916dd70372aa75291f99cafd4d1ce14aa4e08f911714055b3ffe3a12,artifacts-verified,True,0,CONVERGENCE: NORM OF PROJECTED GRADIENT <= PGTOL,2541,103,-0.8819579695599857,0.92,0.90475,/Users/kuroneko/Documents/课程/Homework/量子/QS_project/results/raw/M1/1q-l4-legacy_amplitude/seed-33/20260728T115958.586574Z-a182d57da3/checkpoint.npz,b39c222e1479432e3a71fdab250daa4c38a74b934880691bebcec8f2e0a501d4,/Users/kuroneko/Documents/课程/Homework/量子/QS_project/results/raw/M1/1q-l4-legacy_amplitude/seed-33/20260728T115958.586574Z-a182d57da3/initial_checkpoint.npz,6a611d969faae92131f9f93f22dc0301dfea7f0ea59b9ebe6a52b90f376480ca,/Users/kuroneko/Documents/课程/Homework/量子/QS_project/.venv/bin/python experiments/run_project.py m1 --slice loss,0d647b0e8019d3b0ea59baf1af82b51a08bb6448,main,142f05a903f7bceb79f71ef9803988fb92a4e9679989e11e7619b54fcbfaa6bd,False,True,
M1,1q-l4-legacy_amplitude,34,True,/Users/kuroneko/Documents/课程/Homework/量子/QS_project/results/raw/M1/1q-l4-legacy_amplitude/seed-34/20260728T120024.308412Z-8da583cc51/result.json,00a584601027a2a71c9d7d95f65212735e63c63959a5f6bdcf0afc5164111913,/Users/kuroneko/Documents/课程/Homework/量子/QS_project/results/raw/M1/1q-l4-legacy_amplitude/seed-34/20260728T120024.308412Z-8da583cc51/config.json,5db3d8d8686ccbc12c470c7c193ffb87b56ebe4dce1839e92026de23c5cb4be3,optimizer,1,4,n,legacy_amplitude,controlled,d163876f916dd70372aa75291f99cafd4d1ce14aa4e08f911714055b3ffe3a12,artifacts-verified,True,0,CONVERGENCE: NORM OF PROJECTED GRADIENT <= PGTOL,1029,42,-0.8763793608017704,0.91,0.90475,/Users/kuroneko/Documents/课程/Homework/量子/QS_project/results/raw/M1/1q-l4-legacy_amplitude/seed-34/20260728T120024.308412Z-8da583cc51/checkpoint.npz,db8ced08bbd058c2dfb17848377c4516c1c6576f1fceba88298ddc5c38c6eb8e,/Users/kuroneko/Documents/课程/Homework/量子/QS_project/results/raw/M1/1q-l4-legacy_amplitude/seed-34/20260728T120024.308412Z-8da583cc51/initial_checkpoint.npz,f5c930deace01f8cc5aa4403e8e3399cef2551542ba4e57175400a1ae2d89f47,/Users/kuroneko/Documents/课程/Homework/量子/QS_project/.venv/bin/python experiments/run_project.py m1 --slice loss,0d647b0e8019d3b0ea59baf1af82b51a08bb6448,main,142f05a903f7bceb79f71ef9803988fb92a4e9679989e11e7619b54fcbfaa6bd,False,True,
M1,1q-l4-paper_squared,30,True,/Users/kuroneko/Documents/课程/Homework/量子/QS_project/results/raw/M1/1q-l4-paper_squared/seed-30/20260728T115856.037957Z-3f5107c4eb/result.json,1db9c5a03939d9106a5467746a7bb5290a23f7ef5020bc1ed4ff45e5813f456b,/Users/kuroneko/Documents/课程/Homework/量子/QS_project/results/raw/M1/1q-l4-paper_squared/seed-30/20260728T115856.037957Z-3f5107c4eb/config.json,72e8c4423cf9db5a82f50e649fd338057d22c708ed41750565ec35b3b70ed5f9,optimizer,1,4,n,paper_squared,controlled,d163876f916dd70372aa75291f99cafd4d1ce14aa4e08f911714055b3ffe3a12,artifacts-verified,True,0,CONVERGENCE: NORM OF PROJECTED GRADIENT <= PGTOL,4137,159,0.19326848646846898,0.895,0.86925,/Users/kuroneko/Documents/课程/Homework/量子/QS_project/results/raw/M1/1q-l4-paper_squared/seed-30/20260728T115856.037957Z-3f5107c4eb/checkpoint.npz,9eda0340bb887554338544c46552eedeaa2970151f7c2d48e4a36e2d47c76f33,/Users/kuroneko/Documents/课程/Homework/量子/QS_project/results/raw/M1/1q-l4-paper_squared/seed-30/20260728T115856.037957Z-3f5107c4eb/initial_checkpoint.npz,f5e3431b385a853e4e41cfd38b4d8adf8dbe81c9b4cabd7001d9b6bf335712ab,/Users/kuroneko/Documents/课程/Homework/量子/QS_project/.venv/bin/python experiments/run_project.py m1 --slice loss,0d647b0e8019d3b0ea59baf1af82b51a08bb6448,main,142f05a903f7bceb79f71ef9803988fb92a4e9679989e11e7619b54fcbfaa6bd,False,True,
M1,1q-l4-paper_squared,31,True,/Users/kuroneko/Documents/课程/Homework/量子/QS_project/results/raw/M1/1q-l4-paper_squared/seed-31/20260728T115928.068378Z-3e28e9a70e/result.json,aec98344acc657b45723aff10962590ab6d9f439896322b17dd7c9a4ccfac82d,/Users/kuroneko/Documents/课程/Homework/量子/QS_project/results/raw/M1/1q-l4-paper_squared/seed-31/20260728T115928.068378Z-3e28e9a70e/config.json,4663538d8b7da396ea3b72945b5f8327bd576da6901073c4b2a626ece6926057,optimizer,1,4,n,paper_squared,controlled,d163876f916dd70372aa75291f99cafd4d1ce14aa4e08f911714055b3ffe3a12,artifacts-verified,True,0,CONVERGENCE: RELATIVE REDUCTION OF F <= FACTR*EPSMCH,2247,92,0.2519702260622729,0.8,0.81225,/Users/kuroneko/Documents/课程/Homework/量子/QS_project/results/raw/M1/1q-l4-paper_squared/seed-31/20260728T115928.068378Z-3e28e9a70e/checkpoint.npz,257b0b28358166388b968d6a3ee6a413b96424934a44b90409e70ecc25803b6b,/Users/kuroneko/Documents/课程/Homework/量子/QS_project/results/raw/M1/1q-l4-paper_squared/seed-31/20260728T115928.068378Z-3e28e9a70e/initial_checkpoint.npz,7ccd985970aeacbeaf0e943dab58ccbaf04a152ae69fe10919aab94f0600ade7,/Users/kuroneko/Documents/课程/Homework/量子/QS_project/.venv/bin/python experiments/run_project.py m1 --slice loss,0d647b0e8019d3b0ea59baf1af82b51a08bb6448,main,142f05a903f7bceb79f71ef9803988fb92a4e9679989e11e7619b54fcbfaa6bd,False,True,
M1,1q-l4-paper_squared,32,True,/Users/kuroneko/Documents/课程/Homework/量子/QS_project/results/raw/M1/1q-l4-paper_squared/seed-32/20260728T115950.999802Z-49d8a88f18/result.json,af8d92288525e11b6350690b7138bb0d3dce620ea4cad91ff1faebc8c4fb4359,/Users/kuroneko/Documents/课程/Homework/量子/QS_project/results/raw/M1/1q-l4-paper_squared/seed-32/20260728T115950.999802Z-49d8a88f18/config.json,0ae2a203a7f613709c7f292f08bb482cc3a9a776dd122025554bef93adb8befc,optimizer,1,4,n,paper_squared,controlled,d163876f916dd70372aa75291f99cafd4d1ce14aa4e08f911714055b3ffe3a12,artifacts-verified,True,0,CONVERGENCE: NORM OF PROJECTED GRADIENT <= PGTOL,1785,77,0.2520500297489041,0.8,0.813,/Users/kuroneko/Documents/课程/Homework/量子/QS_project/results/raw/M1/1q-l4-paper_squared/seed-32/20260728T115950.999802Z-49d8a88f18/checkpoint.npz,3b44636da4af463139e059f378615b23dca9f0eb80a88932778b1ad961ffaedc,/Users/kuroneko/Documents/课程/Homework/量子/QS_project/results/raw/M1/1q-l4-paper_squared/seed-32/20260728T115950.999802Z-49d8a88f18/initial_checkpoint.npz,560d82bd16fdbe6cd8fac5fc55a669c200096b47bbcea06a2378b3cbaeabaeab,/Users/kuroneko/Documents/课程/Homework/量子/QS_project/.venv/bin/python experiments/run_project.py m1 --slice loss,0d647b0e8019d3b0ea59baf1af82b51a08bb6448,main,142f05a903f7bceb79f71ef9803988fb92a4e9679989e11e7619b54fcbfaa6bd,False,True,
M1,1q-l4-paper_squared,33,True,/Users/kuroneko/Documents/课程/Homework/量子/QS_project/results/raw/M1/1q-l4-paper_squared/seed-33/20260728T120009.302246Z-02dd522f96/result.json,aee5683de3129de7809153bd4080447b4dde80c0a44915c221aa92ae3f404378,/Users/kuroneko/Documents/课程/Homework/量子/QS_project/results/raw/M1/1q-l4-paper_squared/seed-33/20260728T120009.302246Z-02dd522f96/config.json,b02f765af29fd001a2ea0767da649d023a3a73f92ad6f84164962a43517fe312,optimizer,1,4,n,paper_squared,controlled,d163876f916dd70372aa75291f99cafd4d1ce14aa4e08f911714055b3ffe3a12,artifacts-verified,True,0,CONVERGENCE: NORM OF PROJECTED GRADIENT <= PGTOL,3591,151,0.2098086336864032,0.89,0.87475,/Users/kuroneko/Documents/课程/Homework/量子/QS_project/results/raw/M1/1q-l4-paper_squared/seed-33/20260728T120009.302246Z-02dd522f96/checkpoint.npz,84277dd1284c4652ec6485d05c8ca33eb167284ad33e1075cd943b46b129e61f,/Users/kuroneko/Documents/课程/Homework/量子/QS_project/results/raw/M1/1q-l4-paper_squared/seed-33/20260728T120009.302246Z-02dd522f96/initial_checkpoint.npz,6a611d969faae92131f9f93f22dc0301dfea7f0ea59b9ebe6a52b90f376480ca,/Users/kuroneko/Documents/课程/Homework/量子/QS_project/.venv/bin/python experiments/run_project.py m1 --slice loss,0d647b0e8019d3b0ea59baf1af82b51a08bb6448,main,142f05a903f7bceb79f71ef9803988fb92a4e9679989e11e7619b54fcbfaa6bd,False,True,
M1,1q-l4-paper_squared,34,True,/Users/kuroneko/Documents/课程/Homework/量子/QS_project/results/raw/M1/1q-l4-paper_squared/seed-34/20260728T120028.841816Z-857625ef03/result.json,9e59f781edc0a40ef2e0981b39ab1ef463dc9885865dd2ecbc9ac7c36cdad933,/Users/kuroneko/Documents/课程/Homework/量子/QS_project/results/raw/M1/1q-l4-paper_squared/seed-34/20260728T120028.841816Z-857625ef03/config.json,70f1194254c77c1dd70a6d0bd519db053086a95e9388981c055b50b891987a3d,optimizer,1,4,n,paper_squared,controlled,d163876f916dd70372aa75291f99cafd4d1ce14aa4e08f911714055b3ffe3a12,artifacts-verified,True,0,CONVERGENCE: NORM OF PROJECTED GRADIENT <= PGTOL,3465,152,0.2519702142548608,0.8,0.81225,/Users/kuroneko/Documents/课程/Homework/量子/QS_project/results/raw/M1/1q-l4-paper_squared/seed-34/20260728T120028.841816Z-857625ef03/checkpoint.npz,aa49e7585474b8ca87bb8c73c75dafc61fe63a02d012f66cd24f8ccd03f4f0fc,/Users/kuroneko/Documents/课程/Homework/量子/QS_project/results/raw/M1/1q-l4-paper_squared/seed-34/20260728T120028.841816Z-857625ef03/initial_checkpoint.npz,f5c930deace01f8cc5aa4403e8e3399cef2551542ba4e57175400a1ae2d89f47,/Users/kuroneko/Documents/课程/Homework/量子/QS_project/.venv/bin/python experiments/run_project.py m1 --slice loss,0d647b0e8019d3b0ea59baf1af82b51a08bb6448,main,142f05a903f7bceb79f71ef9803988fb92a4e9679989e11e7619b54fcbfaa6bd,False,True,
M1,author-amplitude-1q-l4,30,True,/Users/kuroneko/Documents/课程/Homework/量子/QS_project/results/raw/M1/author-amplitude-1q-l4/seed-30/20260728T115748.700033Z-1a7b7781a1/result.json,c734e27dd303e5a49b4a599f45768781f3fb53f52a1fa1a4b54f2b4a2a582792,/Users/kuroneko/Documents/课程/Homework/量子/QS_project/results/raw/M1/author-amplitude-1q-l4/seed-30/20260728T115748.700033Z-1a7b7781a1/config.json,60e5cf1c013e20c7227d4bda0bafe6991f688c80eef20e8a932f021462d3c842,optimizer,1,4,n,legacy_amplitude,legacy_exact,d163876f916dd70372aa75291f99cafd4d1ce14aa4e08f911714055b3ffe3a12,artifacts-verified,True,0,CONVERGENCE: RELATIVE REDUCTION OF F <= FACTR*EPSMCH,2163,79,-0.8882056883372508,0.91,0.896,/Users/kuroneko/Documents/课程/Homework/量子/QS_project/results/raw/M1/author-amplitude-1q-l4/seed-30/20260728T115748.700033Z-1a7b7781a1/checkpoint.npz,3c0bd6792cc09dc5a2a29774a441f894233fd2ba56006386f644fc04911965f9,/Users/kuroneko/Documents/课程/Homework/量子/QS_project/results/raw/M1/author-amplitude-1q-l4/seed-30/20260728T115748.700033Z-1a7b7781a1/initial_checkpoint.npz,02be3149d67d29b140c573cda2daae9444b516e135d847c88d24b6d13e94f566,/Users/kuroneko/Documents/课程/Homework/量子/QS_project/.venv/bin/python experiments/run_project.py m1 --slice reference,0d647b0e8019d3b0ea59baf1af82b51a08bb6448,main,142f05a903f7bceb79f71ef9803988fb92a4e9679989e11e7619b54fcbfaa6bd,False,True,
M1,author-weighted-1q-l1,30,True,/Users/kuroneko/Documents/课程/Homework/量子/QS_project/results/raw/M1/author-weighted-1q-l1/seed-30/20260728T115412.335325Z-0cad8002af/result.json,91322359169321e9d834f240df4e3f445df3ffb112682c7d874760e52b001fe2,/Users/kuroneko/Documents/课程/Homework/量子/QS_project/results/raw/M1/author-weighted-1q-l1/seed-30/20260728T115412.335325Z-0cad8002af/config.json,44b273934bd5fafddc659eb488b92e47d9e1424e7b58da2f243d1b8c80e10596,optimizer,1,1,n,weighted_reduced_density,legacy_exact,d163876f916dd70372aa75291f99cafd4d1ce14aa4e08f911714055b3ffe3a12,artifacts-verified,True,0,CONVERGENCE: NORM OF PROJECTED GRADIENT <= PGTOL,184,19,0.24281558307387233,0.555,0.50325,/Users/kuroneko/Documents/课程/Homework/量子/QS_project/results/raw/M1/author-weighted-1q-l1/seed-30/20260728T115412.335325Z-0cad8002af/checkpoint.npz,df2afee05a3b9de1ed046abfbfaa5465bc5c6601b16b5c08bc792c6dab70c305,/Users/kuroneko/Documents/课程/Homework/量子/QS_project/results/raw/M1/author-weighted-1q-l1/seed-30/20260728T115412.335325Z-0cad8002af/initial_checkpoint.npz,fd07aeec8eafa5e1e3b4f3f26837657cf1e11955566a41d6dc400bfc4834badd,/Users/kuroneko/Documents/课程/Homework/量子/QS_project/.venv/bin/python experiments/run_project.py m1 --slice trend,0d647b0e8019d3b0ea59baf1af82b51a08bb6448,main,142f05a903f7bceb79f71ef9803988fb92a4e9679989e11e7619b54fcbfaa6bd,False,True,
M1,author-weighted-1q-l2,30,True,/Users/kuroneko/Documents/课程/Homework/量子/QS_project/results/raw/M1/author-weighted-1q-l2/seed-30/20260728T115413.629426Z-292364067e/result.json,a080243b66f5c80b9e6d5db61ae19b208a2af7e9d7fb9977118532b7f0c029b6,/Users/kuroneko/Documents/课程/Homework/量子/QS_project/results/raw/M1/author-weighted-1q-l2/seed-30/20260728T115413.629426Z-292364067e/config.json,ca5aa00bc939b9142814f421e1ea2e287005378faf695a997f52d3ddc2f4fda7,optimizer,1,2,n,weighted_reduced_density,legacy_exact,d163876f916dd70372aa75291f99cafd4d1ce14aa4e08f911714055b3ffe3a12,artifacts-verified,True,0,CONVERGENCE: NORM OF PROJECTED GRADIENT <= PGTOL,676,36,0.08846327532282242,0.945,0.935,/Users/kuroneko/Documents/课程/Homework/量子/QS_project/results/raw/M1/author-weighted-1q-l2/seed-30/20260728T115413.629426Z-292364067e/checkpoint.npz,f883b6967a526a24e601c01fa0cb6ba5ca5ab65e9635847b65aca11624ee0c28,/Users/kuroneko/Documents/课程/Homework/量子/QS_project/results/raw/M1/author-weighted-1q-l2/seed-30/20260728T115413.629426Z-292364067e/initial_checkpoint.npz,de61b00ef83b6569e32a4465ef4ed682dfd708b67e814b4e733881baec4009ed,/Users/kuroneko/Documents/课程/Homework/量子/QS_project/.venv/bin/python experiments/run_project.py m1 --slice trend,0d647b0e8019d3b0ea59baf1af82b51a08bb6448,main,142f05a903f7bceb79f71ef9803988fb92a4e9679989e11e7619b54fcbfaa6bd,False,True,
M1,author-weighted-1q-l4,30,True,/Users/kuroneko/Documents/课程/Homework/量子/QS_project/results/raw/M1/author-weighted-1q-l4/seed-30/20260728T115417.422036Z-5df5ff9179/result.json,569eeb258df914a6243fa1311985dab532502af5213fe55f42e8d8cfd423665b,/Users/kuroneko/Documents/课程/Homework/量子/QS_project/results/raw/M1/author-weighted-1q-l4/seed-30/20260728T115417.422036Z-5df5ff9179/config.json,05bd26c7adcea9c6abcf836d9b8b4a5fc636b1bb4925807d71b738f3a1102faf,optimizer,1,4,n,weighted_reduced_density,legacy_exact,d163876f916dd70372aa75291f99cafd4d1ce14aa4e08f911714055b3ffe3a12,artifacts-verified,True,0,CONVERGENCE: RELATIVE REDUCTION OF F <= FACTR*EPSMCH,4945,189,0.06738795464176638,0.975,0.9445,/Users/kuroneko/Documents/课程/Homework/量子/QS_project/results/raw/M1/author-weighted-1q-l4/seed-30/20260728T115417.422036Z-5df5ff9179/checkpoint.npz,0f0a2cf0fbe48c486359da9feb520f73a853783a669df9d024dbe697f5ee44b1,/Users/kuroneko/Documents/课程/Homework/量子/QS_project/results/raw/M1/author-weighted-1q-l4/seed-30/20260728T115417.422036Z-5df5ff9179/initial_checkpoint.npz,cc7e6a7fc7392a8f57cb1067720e47e24f46d4572646e5bef043b7d4f2a536a1,/Users/kuroneko/Documents/课程/Homework/量子/QS_project/.venv/bin/python experiments/run_project.py m1 --slice trend,0d647b0e8019d3b0ea59baf1af82b51a08bb6448,main,142f05a903f7bceb79f71ef9803988fb92a4e9679989e11e7619b54fcbfaa6bd,False,True,
M1,author-weighted-1q-l8,30,True,/Users/kuroneko/Documents/课程/Homework/量子/QS_project/results/raw/M1/author-weighted-1q-l8/seed-30/20260728T115453.235299Z-6218b18c66/result.json,b01ed7fc10c70c2882c6bebd2a2677eb65ad8ca01f30d3ebc378aa349208b532,/Users/kuroneko/Documents/课程/Homework/量子/QS_project/results/raw/M1/author-weighted-1q-l8/seed-30/20260728T115453.235299Z-6218b18c66/config.json,8a123386107b64d2c4b13fceeb8d97e04506a5f3df79664fba9ff981b1e30206,optimizer,1,8,n,weighted_reduced_density,legacy_exact,d163876f916dd70372aa75291f99cafd4d1ce14aa4e08f911714055b3ffe3a12,artifacts-verified,False,1,"STOP: TOTAL NO. OF F,G EVALUATIONS EXCEEDS LIMIT",15007,325,0.025925632967628936,0.995,0.9675,/Users/kuroneko/Documents/课程/Homework/量子/QS_project/results/raw/M1/author-weighted-1q-l8/seed-30/20260728T115453.235299Z-6218b18c66/checkpoint.npz,0eb7bb5dd0c4dbe95c42329945cc75a9135b2f6fe8abb52b6a4e1163bdabc8bc,/Users/kuroneko/Documents/课程/Homework/量子/QS_project/results/raw/M1/author-weighted-1q-l8/seed-30/20260728T115453.235299Z-6218b18c66/initial_checkpoint.npz,23960586e49c016fcbcb5a69dc97b68906417b9309c8ac28adf2f99d33aed0a5,/Users/kuroneko/Documents/课程/Homework/量子/QS_project/.venv/bin/python experiments/run_project.py m1 --slice trend,0d647b0e8019d3b0ea59baf1af82b51a08bb6448,main,142f05a903f7bceb79f71ef9803988fb92a4e9679989e11e7619b54fcbfaa6bd,True,True,
M2,1q-l2-paper_squared,30,True,/Users/kuroneko/Documents/课程/Homework/量子/QS_project/results/raw/M2/1q-l2-paper_squared/seed-30/20260728T120155.302704Z-786eacac22/result.json,c53d4b2f8e067c01cbcc80e8d6b76750b4cd8987b6f495f9084405c3ea68de90,/Users/kuroneko/Documents/课程/Homework/量子/QS_project/results/raw/M2/1q-l2-paper_squared/seed-30/20260728T120155.302704Z-786eacac22/config.json,ce85611c23c91fd3d6e259aa5d0dc34e56620798f11cb87499e2eb265be9e1a1,optimizer,1,2,n,paper_squared,controlled,d163876f916dd70372aa75291f99cafd4d1ce14aa4e08f911714055b3ffe3a12,artifacts-verified,True,0,CONVERGENCE: NORM OF PROJECTED GRADIENT <= PGTOL,374,25,0.2611895590362514,0.8,0.79725,/Users/kuroneko/Documents/课程/Homework/量子/QS_project/results/raw/M2/1q-l2-paper_squared/seed-30/20260728T120155.302704Z-786eacac22/checkpoint.npz,e9f014713394d69c330093755327e9b2715fdd1a673eb100ff05dd13f2191dfb,/Users/kuroneko/Documents/课程/Homework/量子/QS_project/results/raw/M2/1q-l2-paper_squared/seed-30/20260728T120155.302704Z-786eacac22/initial_checkpoint.npz,addbaccfcc724921ef92d6c4788954cce52fad90de967566ae77089ac30332b8,/Users/kuroneko/Documents/课程/Homework/量子/QS_project/.venv/bin/python experiments/run_project.py m2,0d647b0e8019d3b0ea59baf1af82b51a08bb6448,main,142f05a903f7bceb79f71ef9803988fb92a4e9679989e11e7619b54fcbfaa6bd,False,True,
M2,1q-l2-paper_squared,31,True,/Users/kuroneko/Documents/课程/Homework/量子/QS_project/results/raw/M2/1q-l2-paper_squared/seed-31/20260728T120200.208096Z-0a7f6d42ab/result.json,9f40f6610c9d408149f786a81dc70f427b6a9b5ab183253f1f5a7c212b94bb5f,/Users/kuroneko/Documents/课程/Homework/量子/QS_project/results/raw/M2/1q-l2-paper_squared/seed-31/20260728T120200.208096Z-0a7f6d42ab/config.json,0c92df1510b5daf60f11da015078472917469fa0e033c227b90c7fdb14be734c,optimizer,1,2,n,paper_squared,controlled,d163876f916dd70372aa75291f99cafd4d1ce14aa4e08f911714055b3ffe3a12,artifacts-verified,True,0,CONVERGENCE: NORM OF PROJECTED GRADIENT <= PGTOL,187,13,0.29037128447054633,0.77,0.74575,/Users/kuroneko/Documents/课程/Homework/量子/QS_project/results/raw/M2/1q-l2-paper_squared/seed-31/20260728T120200.208096Z-0a7f6d42ab/checkpoint.npz,fca9266a39145be5ee8f3a892d537351fdf70aaa8262b7b0cf491004b877edc4,/Users/kuroneko/Documents/课程/Homework/量子/QS_project/results/raw/M2/1q-l2-paper_squared/seed-31/20260728T120200.208096Z-0a7f6d42ab/initial_checkpoint.npz,087395d22862e92546b84a3e6f02099bcd966c4f447b376154663c3d267e61a2,/Users/kuroneko/Documents/课程/Homework/量子/QS_project/.venv/bin/python experiments/run_project.py m2,0d647b0e8019d3b0ea59baf1af82b51a08bb6448,main,142f05a903f7bceb79f71ef9803988fb92a4e9679989e11e7619b54fcbfaa6bd,False,True,
M2,1q-l2-paper_squared,32,True,/Users/kuroneko/Documents/课程/Homework/量子/QS_project/results/raw/M2/1q-l2-paper_squared/seed-32/20260728T120210.628323Z-54b0de087e/result.json,72bbaaccc5dd1c1ed9c14938b087cff1573107f1083c74fe7ae5b738aef95ae4,/Users/kuroneko/Documents/课程/Homework/量子/QS_project/results/raw/M2/1q-l2-paper_squared/seed-32/20260728T120210.628323Z-54b0de087e/config.json,12022e7b98e1fd3f0c4d2162b416aa332587b741d26d21859265bd2c2b41f390,optimizer,1,2,n,paper_squared,controlled,d163876f916dd70372aa75291f99cafd4d1ce14aa4e08f911714055b3ffe3a12,artifacts-verified,True,0,CONVERGENCE: NORM OF PROJECTED GRADIENT <= PGTOL,242,15,0.26118955906812347,0.8,0.79725,/Users/kuroneko/Documents/课程/Homework/量子/QS_project/results/raw/M2/1q-l2-paper_squared/seed-32/20260728T120210.628323Z-54b0de087e/checkpoint.npz,d4f471fd293de7023d891b424737f1d68c8bf93401f304e3a65305eb3cb2d6a5,/Users/kuroneko/Documents/课程/Homework/量子/QS_project/results/raw/M2/1q-l2-paper_squared/seed-32/20260728T120210.628323Z-54b0de087e/initial_checkpoint.npz,000ed62ab317e7442a1d4efa0f187cc48433a6d11231230ede48ba917b04baf1,/Users/kuroneko/Documents/课程/Homework/量子/QS_project/.venv/bin/python experiments/run_project.py m2,0d647b0e8019d3b0ea59baf1af82b51a08bb6448,main,142f05a903f7bceb79f71ef9803988fb92a4e9679989e11e7619b54fcbfaa6bd,False,True,
M2,1q-l2-paper_squared,33,True,/Users/kuroneko/Documents/课程/Homework/量子/QS_project/results/raw/M2/1q-l2-paper_squared/seed-33/20260728T120220.729583Z-371848ab1e/result.json,20c74bf3b934abc25297ee90232b8dd317c0aace4b3b71d6d5b54d791e436d57,/Users/kuroneko/Documents/课程/Homework/量子/QS_project/results/raw/M2/1q-l2-paper_squared/seed-33/20260728T120220.729583Z-371848ab1e/config.json,a8db14b43518d6b41c241da3204689547be3fd4e6e12f48816a0196882f7c59e,optimizer,1,2,n,paper_squared,controlled,d163876f916dd70372aa75291f99cafd4d1ce14aa4e08f911714055b3ffe3a12,artifacts-verified,True,0,CONVERGENCE: NORM OF PROJECTED GRADIENT <= PGTOL,341,21,0.2611895589814967,0.8,0.79725,/Users/kuroneko/Documents/课程/Homework/量子/QS_project/results/raw/M2/1q-l2-paper_squared/seed-33/20260728T120220.729583Z-371848ab1e/checkpoint.npz,4c3b881277e87deed6c88b235ed08bb6029359ab7bc285735b082bf1581d3cf2,/Users/kuroneko/Documents/课程/Homework/量子/QS_project/results/raw/M2/1q-l2-paper_squared/seed-33/20260728T120220.729583Z-371848ab1e/initial_checkpoint.npz,7d69ab6bf7a6e07ab1a6aab34c2c5c9e3b74b70250b8aa1a61323accbe9a8f51,/Users/kuroneko/Documents/课程/Homework/量子/QS_project/.venv/bin/python experiments/run_project.py m2,0d647b0e8019d3b0ea59baf1af82b51a08bb6448,main,142f05a903f7bceb79f71ef9803988fb92a4e9679989e11e7619b54fcbfaa6bd,False,True,
M2,1q-l2-paper_squared,34,True,/Users/kuroneko/Documents/课程/Homework/量子/QS_project/results/raw/M2/1q-l2-paper_squared/seed-34/20260728T120225.143420Z-432afdcd39/result.json,c0cbc637714f41a82ea547c0701fb3f42b995476b2971b4ed44026f1585b6dac,/Users/kuroneko/Documents/课程/Homework/量子/QS_project/results/raw/M2/1q-l2-paper_squared/seed-34/20260728T120225.143420Z-432afdcd39/config.json,3527dc53f6fe11f5b3dfac01ed5919e1a63262691944bca45601c89d8ab75d46,optimizer,1,2,n,paper_squared,controlled,d163876f916dd70372aa75291f99cafd4d1ce14aa4e08f911714055b3ffe3a12,artifacts-verified,True,0,CONVERGENCE: RELATIVE REDUCTION OF F <= FACTR*EPSMCH,297,21,0.26118955932000626,0.8,0.79725,/Users/kuroneko/Documents/课程/Homework/量子/QS_project/results/raw/M2/1q-l2-paper_squared/seed-34/20260728T120225.143420Z-432afdcd39/checkpoint.npz,90301f052454a9bbb088cec63aef03a46d8445d9a4e664224fe42c733a23b877,/Users/kuroneko/Documents/课程/Homework/量子/QS_project/results/raw/M2/1q-l2-paper_squared/seed-34/20260728T120225.143420Z-432afdcd39/initial_checkpoint.npz,907e821ebeeab38bee7940dd784efff3424bc7be1df632b497027bef10ea9660,/Users/kuroneko/Documents/课程/Homework/量子/QS_project/.venv/bin/python experiments/run_project.py m2,0d647b0e8019d3b0ea59baf1af82b51a08bb6448,main,142f05a903f7bceb79f71ef9803988fb92a4e9679989e11e7619b54fcbfaa6bd,False,True,
M2,2q-l2-cz-paper_squared,30,True,/Users/kuroneko/Documents/课程/Homework/量子/QS_project/results/raw/M2/2q-l2-cz-paper_squared/seed-30/20260728T120158.583074Z-0542316714/result.json,0c7b156d0bebd305a9af84566a6d972ad3a952a033d60527663994fb66ee1eb7,/Users/kuroneko/Documents/课程/Homework/量子/QS_project/results/raw/M2/2q-l2-cz-paper_squared/seed-30/20260728T120158.583074Z-0542316714/config.json,b29edc4847f1ec8026db5c4a70982466988c39576e54ee78bf9383da258c1fdb,optimizer,2,2,y,paper_squared,controlled,d163876f916dd70372aa75291f99cafd4d1ce14aa4e08f911714055b3ffe3a12,artifacts-verified,True,0,CONVERGENCE: NORM OF PROJECTED GRADIENT <= PGTOL,252,10,0.49000000013197537,0.51,0.516,/Users/kuroneko/Documents/课程/Homework/量子/QS_project/results/raw/M2/2q-l2-cz-paper_squared/seed-30/20260728T120158.583074Z-0542316714/checkpoint.npz,b52b7491c5f709b215fec0eabd0eb4a1c6a8d29f7de19fc611e230c737f4fb1e,/Users/kuroneko/Documents/课程/Homework/量子/QS_project/results/raw/M2/2q-l2-cz-paper_squared/seed-30/20260728T120158.583074Z-0542316714/initial_checkpoint.npz,96da851a5a661cd7885728a96ef2594fe944e6981e211940b75f663bde44a6e4,/Users/kuroneko/Documents/课程/Homework/量子/QS_project/.venv/bin/python experiments/run_project.py m2,0d647b0e8019d3b0ea59baf1af82b51a08bb6448,main,142f05a903f7bceb79f71ef9803988fb92a4e9679989e11e7619b54fcbfaa6bd,False,True,
M2,2q-l2-cz-paper_squared,31,True,/Users/kuroneko/Documents/课程/Homework/量子/QS_project/results/raw/M2/2q-l2-cz-paper_squared/seed-31/20260728T120202.831674Z-f5c44499f1/result.json,ff7ad71227576b9db9b0262a0697fb609c0647ec1ce16f0e9e87d3a1cfcfb629,/Users/kuroneko/Documents/课程/Homework/量子/QS_project/results/raw/M2/2q-l2-cz-paper_squared/seed-31/20260728T120202.831674Z-f5c44499f1/config.json,9eb40b029c91bfe0272651aa80906790ac3340868857dde951c5e53ceed24e01,optimizer,2,2,y,paper_squared,controlled,d163876f916dd70372aa75291f99cafd4d1ce14aa4e08f911714055b3ffe3a12,artifacts-verified,True,0,CONVERGENCE: NORM OF PROJECTED GRADIENT <= PGTOL,1428,53,0.3720172224716232,0.77,0.7305,/Users/kuroneko/Documents/课程/Homework/量子/QS_project/results/raw/M2/2q-l2-cz-paper_squared/seed-31/20260728T120202.831674Z-f5c44499f1/checkpoint.npz,1c6a07e60131ec4f63dfbd36a2edc2d0d197a17722e4c5b532c49dbe23c783a3,/Users/kuroneko/Documents/课程/Homework/量子/QS_project/results/raw/M2/2q-l2-cz-paper_squared/seed-31/20260728T120202.831674Z-f5c44499f1/initial_checkpoint.npz,0124664aa48f6f1df80aa7451b562989ac450a5f2c762722efef9a46868c26c7,/Users/kuroneko/Documents/课程/Homework/量子/QS_project/.venv/bin/python experiments/run_project.py m2,0d647b0e8019d3b0ea59baf1af82b51a08bb6448,main,142f05a903f7bceb79f71ef9803988fb92a4e9679989e11e7619b54fcbfaa6bd,False,True,
M2,2q-l2-cz-paper_squared,32,True,/Users/kuroneko/Documents/课程/Homework/量子/QS_project/results/raw/M2/2q-l2-cz-paper_squared/seed-32/20260728T120213.203134Z-b5e1b1d505/result.json,118a4d0f171c61995bb6d6dd7155d5ff1d6aaba5147686b3350d8f7edb70e855,/Users/kuroneko/Documents/课程/Homework/量子/QS_project/results/raw/M2/2q-l2-cz-paper_squared/seed-32/20260728T120213.203134Z-b5e1b1d505/config.json,6bc0c4e54c150dc4ca271672a9de34166330b94888922cf5fc5b875d6b264008,optimizer,2,2,y,paper_squared,controlled,d163876f916dd70372aa75291f99cafd4d1ce14aa4e08f911714055b3ffe3a12,artifacts-verified,True,0,CONVERGENCE: RELATIVE REDUCTION OF F <= FACTR*EPSMCH,1281,42,0.29037128530051004,0.77,0.74575,/Users/kuroneko/Documents/课程/Homework/量子/QS_project/results/raw/M2/2q-l2-cz-paper_squared/seed-32/20260728T120213.203134Z-b5e1b1d505/checkpoint.npz,c291f1253125b7e29edaac2b2a904ed2414d082d2a2192a40f5a6b2f6717ec99,/Users/kuroneko/Documents/课程/Homework/量子/QS_project/results/raw/M2/2q-l2-cz-paper_squared/seed-32/20260728T120213.203134Z-b5e1b1d505/initial_checkpoint.npz,747be65f320aee3cbf5e2153b00b4385c26073b485995cebccdddc19dbce59c2,/Users/kuroneko/Documents/课程/Homework/量子/QS_project/.venv/bin/python experiments/run_project.py m2,0d647b0e8019d3b0ea59baf1af82b51a08bb6448,main,142f05a903f7bceb79f71ef9803988fb92a4e9679989e11e7619b54fcbfaa6bd,False,True,
M2,2q-l2-cz-paper_squared,33,True,/Users/kuroneko/Documents/课程/Homework/量子/QS_project/results/raw/M2/2q-l2-cz-paper_squared/seed-33/20260728T120223.517422Z-bd5f8067ad/result.json,b012980729a986eeaef59d819ae338a4f08d695711b04dea4c46c84c3e672f9d,/Users/kuroneko/Documents/课程/Homework/量子/QS_project/results/raw/M2/2q-l2-cz-paper_squared/seed-33/20260728T120223.517422Z-bd5f8067ad/config.json,2a0e31bdc3f6e8e47afaa4b6fda82c944f463d261127900286d2bada14f2609b,optimizer,2,2,y,paper_squared,controlled,d163876f916dd70372aa75291f99cafd4d1ce14aa4e08f911714055b3ffe3a12,artifacts-verified,True,0,CONVERGENCE: NORM OF PROJECTED GRADIENT <= PGTOL,252,11,0.4900000002245878,0.51,0.516,/Users/kuroneko/Documents/课程/Homework/量子/QS_project/results/raw/M2/2q-l2-cz-paper_squared/seed-33/20260728T120223.517422Z-bd5f8067ad/checkpoint.npz,6fa2fd0b111a532953b1f1a5c02d11ff7d70d27b2e6a4a04cc0231ea996181fc,/Users/kuroneko/Documents/课程/Homework/量子/QS_project/results/raw/M2/2q-l2-cz-paper_squared/seed-33/20260728T120223.517422Z-bd5f8067ad/initial_checkpoint.npz,2c4c93bfd65d4f810a9b293113249f29a3739af1afdd0df99a059ae2be3ac205,/Users/kuroneko/Documents/课程/Homework/量子/QS_project/.venv/bin/python experiments/run_project.py m2,0d647b0e8019d3b0ea59baf1af82b51a08bb6448,main,142f05a903f7bceb79f71ef9803988fb92a4e9679989e11e7619b54fcbfaa6bd,False,True,
M2,2q-l2-cz-paper_squared,34,True,/Users/kuroneko/Documents/课程/Homework/量子/QS_project/results/raw/M2/2q-l2-cz-paper_squared/seed-34/20260728T120230.735096Z-5d7645eed0/result.json,a1d118e26208567cb238f2118c2e9afb1ab3c0711359b53d0677b2edd3e6b65f,/Users/kuroneko/Documents/课程/Homework/量子/QS_project/results/raw/M2/2q-l2-cz-paper_squared/seed-34/20260728T120230.735096Z-5d7645eed0/config.json,40752937bac2fcc3f7e20d2d7a09f26e1549d49ccea74870777b9461eef1d1a7,optimizer,2,2,y,paper_squared,controlled,d163876f916dd70372aa75291f99cafd4d1ce14aa4e08f911714055b3ffe3a12,artifacts-verified,True,0,CONVERGENCE: RELATIVE REDUCTION OF F <= FACTR*EPSMCH,357,15,0.49000000412791955,0.51,0.516,/Users/kuroneko/Documents/课程/Homework/量子/QS_project/results/raw/M2/2q-l2-cz-paper_squared/seed-34/20260728T120230.735096Z-5d7645eed0/checkpoint.npz,139e01a0a4c61c56f075c1801c7408690902fbbc8a23b4b4501bb4dfc7388088,/Users/kuroneko/Documents/课程/Homework/量子/QS_project/results/raw/M2/2q-l2-cz-paper_squared/seed-34/20260728T120230.735096Z-5d7645eed0/initial_checkpoint.npz,028147ed9911949dbb2901bdee8c75833acbecdf4b70093fbf5c3df6962cb6af,/Users/kuroneko/Documents/课程/Homework/量子/QS_project/.venv/bin/python experiments/run_project.py m2,0d647b0e8019d3b0ea59baf1af82b51a08bb6448,main,142f05a903f7bceb79f71ef9803988fb92a4e9679989e11e7619b54fcbfaa6bd,False,True,
M2,2q-l2-separable-paper_squared,30,True,/Users/kuroneko/Documents/课程/Homework/量子/QS_project/results/raw/M2/2q-l2-separable-paper_squared/seed-30/20260728T120156.860028Z-a4f1c77e8e/result.json,9cb4b44e1a5adb5e00bae89498ed291dc524238976781a340d3f45a3d39f5943,/Users/kuroneko/Documents/课程/Homework/量子/QS_project/results/raw/M2/2q-l2-separable-paper_squared/seed-30/20260728T120156.860028Z-a4f1c77e8e/config.json,f23b56ee18b632bf2791689810c8e8dbfdc1c148441157a7cfbbb508d7d0f926,optimizer,2,2,n,paper_squared,controlled,d163876f916dd70372aa75291f99cafd4d1ce14aa4e08f911714055b3ffe3a12,artifacts-verified,True,0,CONVERGENCE: NORM OF PROJECTED GRADIENT <= PGTOL,273,11,0.49000000001700383,0.51,0.516,/Users/kuroneko/Documents/课程/Homework/量子/QS_project/results/raw/M2/2q-l2-separable-paper_squared/seed-30/20260728T120156.860028Z-a4f1c77e8e/checkpoint.npz,e07553b7f3f984dcc2da03360cae9e167ddf096f95e752c52c54c246206f7ad6,/Users/kuroneko/Documents/课程/Homework/量子/QS_project/results/raw/M2/2q-l2-separable-paper_squared/seed-30/20260728T120156.860028Z-a4f1c77e8e/initial_checkpoint.npz,96da851a5a661cd7885728a96ef2594fe944e6981e211940b75f663bde44a6e4,/Users/kuroneko/Documents/课程/Homework/量子/QS_project/.venv/bin/python experiments/run_project.py m2,0d647b0e8019d3b0ea59baf1af82b51a08bb6448,main,142f05a903f7bceb79f71ef9803988fb92a4e9679989e11e7619b54fcbfaa6bd,False,True,
M2,2q-l2-separable-paper_squared,31,True,/Users/kuroneko/Documents/课程/Homework/量子/QS_project/results/raw/M2/2q-l2-separable-paper_squared/seed-31/20260728T120200.923610Z-742a59aac5/result.json,6102806f5ca50946da53174189a17811858912425f7a7c387a70e5beab165676,/Users/kuroneko/Documents/课程/Homework/量子/QS_project/results/raw/M2/2q-l2-separable-paper_squared/seed-31/20260728T120200.923610Z-742a59aac5/config.json,7ea6814264a84f064d4e57a5378e8811e03f00cfc03929e110252502f5b34909,optimizer,2,2,n,paper_squared,controlled,d163876f916dd70372aa75291f99cafd4d1ce14aa4e08f911714055b3ffe3a12,artifacts-verified,True,0,CONVERGENCE: NORM OF PROJECTED GRADIENT <= PGTOL,315,12,0.4900000000641046,0.51,0.516,/Users/kuroneko/Documents/课程/Homework/量子/QS_project/results/raw/M2/2q-l2-separable-paper_squared/seed-31/20260728T120200.923610Z-742a59aac5/checkpoint.npz,62a6831a7732086f82e75dc0a7094ed8755e62c0a76dbe15fdf40690c570db4c,/Users/kuroneko/Documents/课程/Homework/量子/QS_project/results/raw/M2/2q-l2-separable-paper_squared/seed-31/20260728T120200.923610Z-742a59aac5/initial_checkpoint.npz,0124664aa48f6f1df80aa7451b562989ac450a5f2c762722efef9a46868c26c7,/Users/kuroneko/Documents/课程/Homework/量子/QS_project/.venv/bin/python experiments/run_project.py m2,0d647b0e8019d3b0ea59baf1af82b51a08bb6448,main,142f05a903f7bceb79f71ef9803988fb92a4e9679989e11e7619b54fcbfaa6bd,False,True,
M2,2q-l2-separable-paper_squared,32,True,/Users/kuroneko/Documents/课程/Homework/量子/QS_project/results/raw/M2/2q-l2-separable-paper_squared/seed-32/20260728T120211.504305Z-c0b497fcc6/result.json,fdc223ef499da5159aea5a01ab545af0bce961213a741bfe2b34aa1d372a3f11,/Users/kuroneko/Documents/课程/Homework/量子/QS_project/results/raw/M2/2q-l2-separable-paper_squared/seed-32/20260728T120211.504305Z-c0b497fcc6/config.json,4ee2eafb2bce60269ec302839f8d7cf5048f0aa818056ff0e53141fd1b572ae3,optimizer,2,2,n,paper_squared,controlled,d163876f916dd70372aa75291f99cafd4d1ce14aa4e08f911714055b3ffe3a12,artifacts-verified,True,0,CONVERGENCE: NORM OF PROJECTED GRADIENT <= PGTOL,273,12,0.4900000000978369,0.51,0.516,/Users/kuroneko/Documents/课程/Homework/量子/QS_project/results/raw/M2/2q-l2-separable-paper_squared/seed-32/20260728T120211.504305Z-c0b497fcc6/checkpoint.npz,1dec2f782d124dd655804767b288092c0e298f7110b8871c03f086e0803a9cfe,/Users/kuroneko/Documents/课程/Homework/量子/QS_project/results/raw/M2/2q-l2-separable-paper_squared/seed-32/20260728T120211.504305Z-c0b497fcc6/initial_checkpoint.npz,747be65f320aee3cbf5e2153b00b4385c26073b485995cebccdddc19dbce59c2,/Users/kuroneko/Documents/课程/Homework/量子/QS_project/.venv/bin/python experiments/run_project.py m2,0d647b0e8019d3b0ea59baf1af82b51a08bb6448,main,142f05a903f7bceb79f71ef9803988fb92a4e9679989e11e7619b54fcbfaa6bd,False,True,
M2,2q-l2-separable-paper_squared,33,True,/Users/kuroneko/Documents/课程/Homework/量子/QS_project/results/raw/M2/2q-l2-separable-paper_squared/seed-33/20260728T120221.820114Z-55fc3fe049/result.json,c888fbb7d97c6b5eac613143f4f20a53f15bd5859ee9674bef1567e38754e9e6,/Users/kuroneko/Documents/课程/Homework/量子/QS_project/results/raw/M2/2q-l2-separable-paper_squared/seed-33/20260728T120221.820114Z-55fc3fe049/config.json,4ee7fa71f60d316d7a72950039fd0b3c8c3d7f4e7a95511f2b8e041f4df45d49,optimizer,2,2,n,paper_squared,controlled,d163876f916dd70372aa75291f99cafd4d1ce14aa4e08f911714055b3ffe3a12,artifacts-verified,True,0,CONVERGENCE: NORM OF PROJECTED GRADIENT <= PGTOL,273,12,0.4900000000843676,0.51,0.516,/Users/kuroneko/Documents/课程/Homework/量子/QS_project/results/raw/M2/2q-l2-separable-paper_squared/seed-33/20260728T120221.820114Z-55fc3fe049/checkpoint.npz,abb27036728c88fe011879a8cf1683bf82ec20747b2f2765e93510a7de3d94e8,/Users/kuroneko/Documents/课程/Homework/量子/QS_project/results/raw/M2/2q-l2-separable-paper_squared/seed-33/20260728T120221.820114Z-55fc3fe049/initial_checkpoint.npz,2c4c93bfd65d4f810a9b293113249f29a3739af1afdd0df99a059ae2be3ac205,/Users/kuroneko/Documents/课程/Homework/量子/QS_project/.venv/bin/python experiments/run_project.py m2,0d647b0e8019d3b0ea59baf1af82b51a08bb6448,main,142f05a903f7bceb79f71ef9803988fb92a4e9679989e11e7619b54fcbfaa6bd,False,True,
M2,2q-l2-separable-paper_squared,34,True,/Users/kuroneko/Documents/课程/Homework/量子/QS_project/results/raw/M2/2q-l2-separable-paper_squared/seed-34/20260728T120227.740905Z-3d2ecfbc6d/result.json,783a89fce83fde9b38c3bd2e0c278d197e5daa4493abc2d27a27365834072c47,/Users/kuroneko/Documents/课程/Homework/量子/QS_project/results/raw/M2/2q-l2-separable-paper_squared/seed-34/20260728T120227.740905Z-3d2ecfbc6d/config.json,dd46cd39c2c2e5eab09717a039576d1fff58f5bfd4df09141eff52f5950e3860,optimizer,2,2,n,paper_squared,controlled,d163876f916dd70372aa75291f99cafd4d1ce14aa4e08f911714055b3ffe3a12,artifacts-verified,True,0,CONVERGENCE: NORM OF PROJECTED GRADIENT <= PGTOL,441,18,0.4900000004209077,0.51,0.516,/Users/kuroneko/Documents/课程/Homework/量子/QS_project/results/raw/M2/2q-l2-separable-paper_squared/seed-34/20260728T120227.740905Z-3d2ecfbc6d/checkpoint.npz,ca51f56ab1c0f17fcd9f3a79d11acc7db59abfab31d904b385a293008e6ded39,/Users/kuroneko/Documents/课程/Homework/量子/QS_project/results/raw/M2/2q-l2-separable-paper_squared/seed-34/20260728T120227.740905Z-3d2ecfbc6d/initial_checkpoint.npz,028147ed9911949dbb2901bdee8c75833acbecdf4b70093fbf5c3df6962cb6af,/Users/kuroneko/Documents/课程/Homework/量子/QS_project/.venv/bin/python experiments/run_project.py m2,0d647b0e8019d3b0ea59baf1af82b51a08bb6448,main,142f05a903f7bceb79f71ef9803988fb92a4e9679989e11e7619b54fcbfaa6bd,False,True,
M3,l3-scratch,30,True,/Users/kuroneko/Documents/课程/Homework/量子/QS_project/results/raw/M3/l3-scratch/seed-30/20260728T120928.417794Z-d2887e7d45/result.json,138ba1a739499227d525079bbb2cee0883a3ca37659e40b92ecfc7d6c2f3c7ab,/Users/kuroneko/Documents/课程/Homework/量子/QS_project/results/raw/M3/l3-scratch/seed-30/20260728T120928.417794Z-d2887e7d45/config.json,6f05766235a50671f242e8e29cfe52c669d67729f083bf2e57522870f509c4c0,optimizer,1,3,n,paper_squared,controlled,d163876f916dd70372aa75291f99cafd4d1ce14aa4e08f911714055b3ffe3a12,artifacts-verified,True,0,CONVERGENCE: NORM OF PROJECTED GRADIENT <= PGTOL,816,45,0.2529728068670157,0.8,0.8125,/Users/kuroneko/Documents/课程/Homework/量子/QS_project/results/raw/M3/l3-scratch/seed-30/20260728T120928.417794Z-d2887e7d45/checkpoint.npz,035cbaa55db088b4c0a781f13cde775f776e0abfb3fabfc4136474512cabe26f,/Users/kuroneko/Documents/课程/Homework/量子/QS_project/results/raw/M3/l3-scratch/seed-30/20260728T120928.417794Z-d2887e7d45/initial_checkpoint.npz,c929fc7b597fffa91227c6dfd7c4327913afb4a27c3f8662b5c3e17d15958a8e,/Users/kuroneko/Documents/课程/Homework/量子/QS_project/.venv/bin/python experiments/run_project.py m3,0d647b0e8019d3b0ea59baf1af82b51a08bb6448,main,142f05a903f7bceb79f71ef9803988fb92a4e9679989e11e7619b54fcbfaa6bd,False,True,
M3,l3-scratch,31,True,/Users/kuroneko/Documents/课程/Homework/量子/QS_project/results/raw/M3/l3-scratch/seed-31/20260728T120936.842635Z-6efff2e090/result.json,7eef738df138a995a92bfd878a45600419c362bc44c16830e8af50a4a1c8ead6,/Users/kuroneko/Documents/课程/Homework/量子/QS_project/results/raw/M3/l3-scratch/seed-31/20260728T120936.842635Z-6efff2e090/config.json,fe46682372d5bd71b64f87d3e6759940d43e9a8fde857aa3571aacc26c005937,optimizer,1,3,n,paper_squared,controlled,d163876f916dd70372aa75291f99cafd4d1ce14aa4e08f911714055b3ffe3a12,artifacts-verified,True,0,CONVERGENCE: RELATIVE REDUCTION OF F <= FACTR*EPSMCH,784,45,0.25297280693170626,0.8,0.8125,/Users/kuroneko/Documents/课程/Homework/量子/QS_project/results/raw/M3/l3-scratch/seed-31/20260728T120936.842635Z-6efff2e090/checkpoint.npz,6d8e7f10a0306b54a5e00b793d9dd1b5acda438de51fb90f665d4d5bb3ea50df,/Users/kuroneko/Documents/课程/Homework/量子/QS_project/results/raw/M3/l3-scratch/seed-31/20260728T120936.842635Z-6efff2e090/initial_checkpoint.npz,9461459c9989d92625f13e4e8624ea672166b0768736568a19af1caa9fe9fd66,/Users/kuroneko/Documents/课程/Homework/量子/QS_project/.venv/bin/python experiments/run_project.py m3,0d647b0e8019d3b0ea59baf1af82b51a08bb6448,main,142f05a903f7bceb79f71ef9803988fb92a4e9679989e11e7619b54fcbfaa6bd,False,True,
M3,l3-scratch,32,True,/Users/kuroneko/Documents/课程/Homework/量子/QS_project/results/raw/M3/l3-scratch/seed-32/20260728T120946.665433Z-19b4e28d7f/result.json,fb1f3dc21f94cbe264a1e5a0e3b71845d66bf38cfd718eede4d55de33dcba874,/Users/kuroneko/Documents/课程/Homework/量子/QS_project/results/raw/M3/l3-scratch/seed-32/20260728T120946.665433Z-19b4e28d7f/config.json,19a9576b907cb50ccab57acb26823bf14fb02b88bef3fbf4d876b62b986c9409,optimizer,1,3,n,paper_squared,controlled,d163876f916dd70372aa75291f99cafd4d1ce14aa4e08f911714055b3ffe3a12,artifacts-verified,True,0,CONVERGENCE: NORM OF PROJECTED GRADIENT <= PGTOL,368,19,0.2903712844753241,0.77,0.74575,/Users/kuroneko/Documents/课程/Homework/量子/QS_project/results/raw/M3/l3-scratch/seed-32/20260728T120946.665433Z-19b4e28d7f/checkpoint.npz,79087373fd8305e86508a852b7182750474aa7186a4e35f31802904b283354dd,/Users/kuroneko/Documents/课程/Homework/量子/QS_project/results/raw/M3/l3-scratch/seed-32/20260728T120946.665433Z-19b4e28d7f/initial_checkpoint.npz,1846fd7848ff06163381515ebfa3b187654da04d5653e58ffce97b4d99cc4a9a,/Users/kuroneko/Documents/课程/Homework/量子/QS_project/.venv/bin/python experiments/run_project.py m3,0d647b0e8019d3b0ea59baf1af82b51a08bb6448,main,142f05a903f7bceb79f71ef9803988fb92a4e9679989e11e7619b54fcbfaa6bd,False,True,
M3,l3-scratch,33,True,/Users/kuroneko/Documents/课程/Homework/量子/QS_project/results/raw/M3/l3-scratch/seed-33/20260728T120954.509085Z-f6e2b8fcfe/result.json,868649ee688f91720b2023860765d359f37495e81b33083f89fb6ce4bd11c914,/Users/kuroneko/Documents/课程/Homework/量子/QS_project/results/raw/M3/l3-scratch/seed-33/20260728T120954.509085Z-f6e2b8fcfe/config.json,33365b8bc9c4d55fa001ec513ecb31a20bfb037784915de1fe282a4979666859,optimizer,1,3,n,paper_squared,controlled,d163876f916dd70372aa75291f99cafd4d1ce14aa4e08f911714055b3ffe3a12,artifacts-verified,True,0,CONVERGENCE: RELATIVE REDUCTION OF F <= FACTR*EPSMCH,864,44,0.2529728093959449,0.8,0.8125,/Users/kuroneko/Documents/课程/Homework/量子/QS_project/results/raw/M3/l3-scratch/seed-33/20260728T120954.509085Z-f6e2b8fcfe/checkpoint.npz,5f5dea81f46c5c04eaec4990f49c757c3fd3f727c3f53b2496aa87ae6dd51ad0,/Users/kuroneko/Documents/课程/Homework/量子/QS_project/results/raw/M3/l3-scratch/seed-33/20260728T120954.509085Z-f6e2b8fcfe/initial_checkpoint.npz,87e6cab93327dbe11c7aff8ff240825c8215e7b705474d0a461f72ad801e8d42,/Users/kuroneko/Documents/课程/Homework/量子/QS_project/.venv/bin/python experiments/run_project.py m3,0d647b0e8019d3b0ea59baf1af82b51a08bb6448,main,142f05a903f7bceb79f71ef9803988fb92a4e9679989e11e7619b54fcbfaa6bd,False,True,
M3,l3-scratch,34,True,/Users/kuroneko/Documents/课程/Homework/量子/QS_project/results/raw/M3/l3-scratch/seed-34/20260728T121005.762181Z-abeb519e7f/result.json,2c37141a217fac8e7b55e7b71ed87c247aa18c299ab25a28f6e88a1831548aa2,/Users/kuroneko/Documents/课程/Homework/量子/QS_project/results/raw/M3/l3-scratch/seed-34/20260728T121005.762181Z-abeb519e7f/config.json,a10ecfafb6e3414cf24917cdeaf23064eb607b232a2a2fe5b1c844e8c73b0ca7,optimizer,1,3,n,paper_squared,controlled,d163876f916dd70372aa75291f99cafd4d1ce14aa4e08f911714055b3ffe3a12,artifacts-verified,True,0,CONVERGENCE: NORM OF PROJECTED GRADIENT <= PGTOL,1360,61,0.25297280690310675,0.8,0.8125,/Users/kuroneko/Documents/课程/Homework/量子/QS_project/results/raw/M3/l3-scratch/seed-34/20260728T121005.762181Z-abeb519e7f/checkpoint.npz,b00e5ce947426ccff75eec27ae2d298f1582d5c5f7a520d42ecacb0fe916255a,/Users/kuroneko/Documents/课程/Homework/量子/QS_project/results/raw/M3/l3-scratch/seed-34/20260728T121005.762181Z-abeb519e7f/initial_checkpoint.npz,92fc163d255cd49f69bc461d2c6c8a00304313ecfba89d6b809adce21982a820,/Users/kuroneko/Documents/课程/Homework/量子/QS_project/.venv/bin/python experiments/run_project.py m3,0d647b0e8019d3b0ea59baf1af82b51a08bb6448,main,142f05a903f7bceb79f71ef9803988fb92a4e9679989e11e7619b54fcbfaa6bd,False,True,
M3,l4-to-l3-pruned,30,True,/Users/kuroneko/Documents/课程/Homework/量子/QS_project/results/raw/M3/l4-to-l3-pruned/seed-30/20260728T120924.614692Z-567961a57b/result.json,eb486c571cbcbd6ee231f84ad8eeb7350753e57d54a0f883e851c540d2af97b8,/Users/kuroneko/Documents/课程/Homework/量子/QS_project/results/raw/M3/l4-to-l3-pruned/seed-30/20260728T120924.614692Z-567961a57b/config.json,0452ea5756c9cb1e1a824ed1dae5d88c76c05522c0bc7ad17e6c335cbb33e4be,optimizer,1,3,n,paper_squared,controlled,d163876f916dd70372aa75291f99cafd4d1ce14aa4e08f911714055b3ffe3a12,artifacts-verified,True,0,CONVERGENCE: NORM OF PROJECTED GRADIENT <= PGTOL,384,21,0.21394793625034267,0.885,0.87,/Users/kuroneko/Documents/课程/Homework/量子/QS_project/results/raw/M3/l4-to-l3-pruned/seed-30/20260728T120924.614692Z-567961a57b/checkpoint.npz,00b9e3df4ef269c4d0ce87e75e6e30b0dbdae7d5d25f9db13c141b120de636ba,/Users/kuroneko/Documents/课程/Homework/量子/QS_project/results/raw/M3/l4-to-l3-pruned/seed-30/20260728T120924.614692Z-567961a57b/initial_checkpoint.npz,28834cec2665cd2df465c49615568641924359bf9f1e80e1fe69f0ca84509a95,/Users/kuroneko/Documents/课程/Homework/量子/QS_project/.venv/bin/python experiments/run_project.py m3,0d647b0e8019d3b0ea59baf1af82b51a08bb6448,main,142f05a903f7bceb79f71ef9803988fb92a4e9679989e11e7619b54fcbfaa6bd,False,True,
M3,l4-to-l3-pruned,31,True,/Users/kuroneko/Documents/课程/Homework/量子/QS_project/results/raw/M3/l4-to-l3-pruned/seed-31/20260728T120931.947242Z-4ae93c1d9b/result.json,976aa9e3d16b84e796fd80338a70acec019fb5877509787a5d0b3a193a89553e,/Users/kuroneko/Documents/课程/Homework/量子/QS_project/results/raw/M3/l4-to-l3-pruned/seed-31/20260728T120931.947242Z-4ae93c1d9b/config.json,919d702069f63666db70733b56310b47e8175d6bdc680a484e6ab6daf0f01bd9,optimizer,1,3,n,paper_squared,controlled,d163876f916dd70372aa75291f99cafd4d1ce14aa4e08f911714055b3ffe3a12,artifacts-verified,True,0,CONVERGENCE: RELATIVE REDUCTION OF F <= FACTR*EPSMCH,288,16,0.25297283208099175,0.8,0.8125,/Users/kuroneko/Documents/课程/Homework/量子/QS_project/results/raw/M3/l4-to-l3-pruned/seed-31/20260728T120931.947242Z-4ae93c1d9b/checkpoint.npz,2a19c34707627836c1bbfc841e1c8e03b445d4d7be5506bb2c0aa2e96d0fcf89,/Users/kuroneko/Documents/课程/Homework/量子/QS_project/results/raw/M3/l4-to-l3-pruned/seed-31/20260728T120931.947242Z-4ae93c1d9b/initial_checkpoint.npz,213e08760d377c296099b3e5cbd87947baba632b1924335aa761977579f27d87,/Users/kuroneko/Documents/课程/Homework/量子/QS_project/.venv/bin/python experiments/run_project.py m3,0d647b0e8019d3b0ea59baf1af82b51a08bb6448,main,142f05a903f7bceb79f71ef9803988fb92a4e9679989e11e7619b54fcbfaa6bd,False,True,
M3,l4-to-l3-pruned,32,True,/Users/kuroneko/Documents/课程/Homework/量子/QS_project/results/raw/M3/l4-to-l3-pruned/seed-32/20260728T120941.763238Z-e777323387/result.json,723a3a16bfeee756922ce56542ae7a3597ceafffeb89e141d3d13baa4c2a5c0f,/Users/kuroneko/Documents/课程/Homework/量子/QS_project/results/raw/M3/l4-to-l3-pruned/seed-32/20260728T120941.763238Z-e777323387/config.json,49b1c9365313b683998cadeabb224725eb6c5490f7de6439d347f1198cf32de4,optimizer,1,3,n,paper_squared,controlled,d163876f916dd70372aa75291f99cafd4d1ce14aa4e08f911714055b3ffe3a12,artifacts-verified,True,0,CONVERGENCE: NORM OF PROJECTED GRADIENT <= PGTOL,544,30,0.252972808254537,0.8,0.8125,/Users/kuroneko/Documents/课程/Homework/量子/QS_project/results/raw/M3/l4-to-l3-pruned/seed-32/20260728T120941.763238Z-e777323387/checkpoint.npz,af344cf97b6b69e327747256bc37f2e4dfdfb03ea339fa8bd0edbea1349ce6cd,/Users/kuroneko/Documents/课程/Homework/量子/QS_project/results/raw/M3/l4-to-l3-pruned/seed-32/20260728T120941.763238Z-e777323387/initial_checkpoint.npz,4ad7318e9b6928d2cac718c4742653810eb39ef6506a286406c8f01abecd23bc,/Users/kuroneko/Documents/课程/Homework/量子/QS_project/.venv/bin/python experiments/run_project.py m3,0d647b0e8019d3b0ea59baf1af82b51a08bb6448,main,142f05a903f7bceb79f71ef9803988fb92a4e9679989e11e7619b54fcbfaa6bd,False,True,
M3,l4-to-l3-pruned,33,True,/Users/kuroneko/Documents/课程/Homework/量子/QS_project/results/raw/M3/l4-to-l3-pruned/seed-33/20260728T120949.041701Z-58d96d55fd/result.json,dee3e443e07b35e847d677068d414fa9096502a6b1eea08a92d140e1dd2dc947,/Users/kuroneko/Documents/课程/Homework/量子/QS_project/results/raw/M3/l4-to-l3-pruned/seed-33/20260728T120949.041701Z-58d96d55fd/config.json,5bbf4eafb318e895cc47e5f1357ef00d46636fb109c7bbdfdadf4d625315eaaf,optimizer,1,3,n,paper_squared,controlled,d163876f916dd70372aa75291f99cafd4d1ce14aa4e08f911714055b3ffe3a12,artifacts-verified,True,0,CONVERGENCE: NORM OF PROJECTED GRADIENT <= PGTOL,416,23,0.25297284046610785,0.8,0.8125,/Users/kuroneko/Documents/课程/Homework/量子/QS_project/results/raw/M3/l4-to-l3-pruned/seed-33/20260728T120949.041701Z-58d96d55fd/checkpoint.npz,96af2cabb35ccea499945677ffddf4a0d06c2c17ce9001b0a839507140c9b648,/Users/kuroneko/Documents/课程/Homework/量子/QS_project/results/raw/M3/l4-to-l3-pruned/seed-33/20260728T120949.041701Z-58d96d55fd/initial_checkpoint.npz,dbcc4891c4048499452018771922458d0e80db0b87ca4adec6b7bc8d8d12b9ff,/Users/kuroneko/Documents/课程/Homework/量子/QS_project/.venv/bin/python experiments/run_project.py m3,0d647b0e8019d3b0ea59baf1af82b51a08bb6448,main,142f05a903f7bceb79f71ef9803988fb92a4e9679989e11e7619b54fcbfaa6bd,False,True,
M3,l4-to-l3-pruned,34,True,/Users/kuroneko/Documents/课程/Homework/量子/QS_project/results/raw/M3/l4-to-l3-pruned/seed-34/20260728T120959.501439Z-e6df1b4082/result.json,fdbe74384ba86d4253f820d99c946931adad3cbce4b3a98f483ff33e31355174,/Users/kuroneko/Documents/课程/Homework/量子/QS_project/results/raw/M3/l4-to-l3-pruned/seed-34/20260728T120959.501439Z-e6df1b4082/config.json,d8b26e2493bc63a93d0e07685009e826fc8b34c19c9c0133ced96ff2b26a8d69,optimizer,1,3,n,paper_squared,controlled,d163876f916dd70372aa75291f99cafd4d1ce14aa4e08f911714055b3ffe3a12,artifacts-verified,True,0,CONVERGENCE: NORM OF PROJECTED GRADIENT <= PGTOL,432,23,0.2529728073057395,0.8,0.8125,/Users/kuroneko/Documents/课程/Homework/量子/QS_project/results/raw/M3/l4-to-l3-pruned/seed-34/20260728T120959.501439Z-e6df1b4082/checkpoint.npz,84c21292cd8471fbaafdf9cb3c872dbf4192b3ff527c4fc4aa0782c7793b7d7d,/Users/kuroneko/Documents/课程/Homework/量子/QS_project/results/raw/M3/l4-to-l3-pruned/seed-34/20260728T120959.501439Z-e6df1b4082/initial_checkpoint.npz,dc97a36ec7fed7dc4c3368f7430b6f3250f5520c29ac20b3d2397975fe29cfe8,/Users/kuroneko/Documents/课程/Homework/量子/QS_project/.venv/bin/python experiments/run_project.py m3,0d647b0e8019d3b0ea59baf1af82b51a08bb6448,main,142f05a903f7bceb79f71ef9803988fb92a4e9679989e11e7619b54fcbfaa6bd,False,True,
M3,l4-truncate-last,30,True,/Users/kuroneko/Documents/课程/Homework/量子/QS_project/results/raw/M3/l4-truncate-last/seed-30/20260728T120926.487524Z-84c1654084/result.json,54d3ebe27ab7c2441cf1babfcc96f98231f7b6e16c9174a9abf7944c4d66d2e6,/Users/kuroneko/Documents/课程/Homework/量子/QS_project/results/raw/M3/l4-truncate-last/seed-30/20260728T120926.487524Z-84c1654084/config.json,8dee737a7c9d6234933feefb41c3f7669d7fa49e6143482af7813fd8508e6523,optimizer,1,3,n,paper_squared,controlled,d163876f916dd70372aa75291f99cafd4d1ce14aa4e08f911714055b3ffe3a12,artifacts-verified,True,0,CONVERGENCE: NORM OF PROJECTED GRADIENT <= PGTOL,448,24,0.194704937612115,0.86,0.8645,/Users/kuroneko/Documents/课程/Homework/量子/QS_project/results/raw/M3/l4-truncate-last/seed-30/20260728T120926.487524Z-84c1654084/checkpoint.npz,0d9e6a512b5bce4dc49cd36f1a5e282bedfe13b7cc6c8f2d1ace1c06bae58d52,/Users/kuroneko/Documents/课程/Homework/量子/QS_project/results/raw/M3/l4-truncate-last/seed-30/20260728T120926.487524Z-84c1654084/initial_checkpoint.npz,364d8cea68c7abd0d18f222dca923b42d9e44ba40f77df2daef304e1ea8038ec,/Users/kuroneko/Documents/课程/Homework/量子/QS_project/.venv/bin/python experiments/run_project.py m3,0d647b0e8019d3b0ea59baf1af82b51a08bb6448,main,142f05a903f7bceb79f71ef9803988fb92a4e9679989e11e7619b54fcbfaa6bd,False,True,
M3,l4-truncate-last,31,True,/Users/kuroneko/Documents/课程/Homework/量子/QS_project/results/raw/M3/l4-truncate-last/seed-31/20260728T120933.277785Z-993500ef88/result.json,67d9d9864dc232e56896930db37ade1f65eb9e9f161e811e930222495fa528a1,/Users/kuroneko/Documents/课程/Homework/量子/QS_project/results/raw/M3/l4-truncate-last/seed-31/20260728T120933.277785Z-993500ef88/config.json,1b6c53e37c8b2f122053d62f68fa35bc2b7c760a8fb0929c25014cd804828c14,optimizer,1,3,n,paper_squared,controlled,d163876f916dd70372aa75291f99cafd4d1ce14aa4e08f911714055b3ffe3a12,artifacts-verified,True,0,CONVERGENCE: NORM OF PROJECTED GRADIENT <= PGTOL,528,32,0.2529728083043325,0.8,0.8125,/Users/kuroneko/Documents/课程/Homework/量子/QS_project/results/raw/M3/l4-truncate-last/seed-31/20260728T120933.277785Z-993500ef88/checkpoint.npz,2c458330716f39920d75c74ae1ebb3259361895a9deebf186f5f94c163e94e5f,/Users/kuroneko/Documents/课程/Homework/量子/QS_project/results/raw/M3/l4-truncate-last/seed-31/20260728T120933.277785Z-993500ef88/initial_checkpoint.npz,303cc4fcfc51d751f0e596e6c1687f0f92ae26df4a71f3b3121c300284592fee,/Users/kuroneko/Documents/课程/Homework/量子/QS_project/.venv/bin/python experiments/run_project.py m3,0d647b0e8019d3b0ea59baf1af82b51a08bb6448,main,142f05a903f7bceb79f71ef9803988fb92a4e9679989e11e7619b54fcbfaa6bd,False,True,
M3,l4-truncate-last,32,True,/Users/kuroneko/Documents/课程/Homework/量子/QS_project/results/raw/M3/l4-truncate-last/seed-32/20260728T120944.650841Z-e08fdeea24/result.json,3f214f3968e156b7a286ac235c9e720365b786feda386b21331370872e537d44,/Users/kuroneko/Documents/课程/Homework/量子/QS_project/results/raw/M3/l4-truncate-last/seed-32/20260728T120944.650841Z-e08fdeea24/config.json,8882d882f4efeb825a092407c6a8798b3877082a327f7ed758ba97007507fb37,optimizer,1,3,n,paper_squared,controlled,d163876f916dd70372aa75291f99cafd4d1ce14aa4e08f911714055b3ffe3a12,artifacts-verified,True,0,CONVERGENCE: NORM OF PROJECTED GRADIENT <= PGTOL,400,24,0.2529728168718934,0.8,0.8125,/Users/kuroneko/Documents/课程/Homework/量子/QS_project/results/raw/M3/l4-truncate-last/seed-32/20260728T120944.650841Z-e08fdeea24/checkpoint.npz,17e2bf495cbfd68279b2081f6daed6d48eefc5666ca211ce0398bb04da30a5bc,/Users/kuroneko/Documents/课程/Homework/量子/QS_project/results/raw/M3/l4-truncate-last/seed-32/20260728T120944.650841Z-e08fdeea24/initial_checkpoint.npz,02e362ee0d46198d5eb19cf34d5d3059a638069b7de8a8e71357fbd1e550147c,/Users/kuroneko/Documents/课程/Homework/量子/QS_project/.venv/bin/python experiments/run_project.py m3,0d647b0e8019d3b0ea59baf1af82b51a08bb6448,main,142f05a903f7bceb79f71ef9803988fb92a4e9679989e11e7619b54fcbfaa6bd,False,True,
M3,l4-truncate-last,33,True,/Users/kuroneko/Documents/课程/Homework/量子/QS_project/results/raw/M3/l4-truncate-last/seed-33/20260728T120951.792743Z-cda05af681/result.json,9859361a004c83ae29740a2d59be2dd8b5a7102e9c2c3b3ca8a5478cabace4e7,/Users/kuroneko/Documents/课程/Homework/量子/QS_project/results/raw/M3/l4-truncate-last/seed-33/20260728T120951.792743Z-cda05af681/config.json,42b9f8ba17841b8633982395b753c4b248ec65bf0cceb49ef3feceac052e27f1,optimizer,1,3,n,paper_squared,controlled,d163876f916dd70372aa75291f99cafd4d1ce14aa4e08f911714055b3ffe3a12,artifacts-verified,True,0,CONVERGENCE: NORM OF PROJECTED GRADIENT <= PGTOL,416,23,0.25297284046610785,0.8,0.8125,/Users/kuroneko/Documents/课程/Homework/量子/QS_project/results/raw/M3/l4-truncate-last/seed-33/20260728T120951.792743Z-cda05af681/checkpoint.npz,96af2cabb35ccea499945677ffddf4a0d06c2c17ce9001b0a839507140c9b648,/Users/kuroneko/Documents/课程/Homework/量子/QS_project/results/raw/M3/l4-truncate-last/seed-33/20260728T120951.792743Z-cda05af681/initial_checkpoint.npz,dbcc4891c4048499452018771922458d0e80db0b87ca4adec6b7bc8d8d12b9ff,/Users/kuroneko/Documents/课程/Homework/量子/QS_project/.venv/bin/python experiments/run_project.py m3,0d647b0e8019d3b0ea59baf1af82b51a08bb6448,main,142f05a903f7bceb79f71ef9803988fb92a4e9679989e11e7619b54fcbfaa6bd,False,True,
M3,l4-truncate-last,34,True,/Users/kuroneko/Documents/课程/Homework/量子/QS_project/results/raw/M3/l4-truncate-last/seed-34/20260728T121001.846579Z-54817ff7fb/result.json,d54bc15721d02c04ce6ca8b5f8881029a9067be64721124fd8a70ca841fb8b28,/Users/kuroneko/Documents/课程/Homework/量子/QS_project/results/raw/M3/l4-truncate-last/seed-34/20260728T121001.846579Z-54817ff7fb/config.json,b8538aca7e83e9d9e8b8f56737fda3140e2631e0956910c5fdc4ecc8be214abc,optimizer,1,3,n,paper_squared,controlled,d163876f916dd70372aa75291f99cafd4d1ce14aa4e08f911714055b3ffe3a12,artifacts-verified,True,0,CONVERGENCE: NORM OF PROJECTED GRADIENT <= PGTOL,592,34,0.2529728072790589,0.8,0.8125,/Users/kuroneko/Documents/课程/Homework/量子/QS_project/results/raw/M3/l4-truncate-last/seed-34/20260728T121001.846579Z-54817ff7fb/checkpoint.npz,3623a5d7ef4b690ba7cca11590f1ba39bdab4c014770df4a68a49f8660feeeeb,/Users/kuroneko/Documents/课程/Homework/量子/QS_project/results/raw/M3/l4-truncate-last/seed-34/20260728T121001.846579Z-54817ff7fb/initial_checkpoint.npz,5b2b3911f9cfe4a8a2d45f1261ccd4f358a952b5e9a08b00670351c00a4afe77,/Users/kuroneko/Documents/课程/Homework/量子/QS_project/.venv/bin/python experiments/run_project.py m3,0d647b0e8019d3b0ea59baf1af82b51a08bb6448,main,142f05a903f7bceb79f71ef9803988fb92a4e9679989e11e7619b54fcbfaa6bd,False,True,
